0,0,1.1,1.1
0.303821468,-0.232118902,1.1,1.1
0.607636591,-0.464244226,1.1,1.1
0.911449039,-0.696372073,1.1,1.1
1.215262633,-0.928498162,1.1,1.1
1.51908089,-1.160618517,1.1,1.1
1.822905722,-1.392731227,1.1,1.1
2.126736899,-1.624836521,1.1,1.1
2.430574116,-1.85693463,1.1,1.1
2.734417219,-2.089025781,1.1,1.1
3.038265902,-2.321110511,1.1,1.1
3.342119938,-2.553188896,1.1,1.1
3.645979095,-2.785261318,1.1,1.1
3.949843145,-3.017328159,1.1,1.1
4.253711705,-3.249389572,1.1,1.1
4.5575847,-3.481446016,1.1,1.1
4.861461746,-3.71349772,1.1,1.1
5.165342614,-3.945544991,1.1,1.1
5.469227152,-4.177588056,1.1,1.1
5.773115054,-4.409627376,1.1,1.1
6.077006014,-4.641663179,1.1,1.1
6.380899802,-4.873695771,1.1,1.1
6.684796266,-5.105725382,1.1,1.1
6.988695024,-5.33775247,1.1,1.1
7.292595922,-5.569777188,1.1,1.1
7.596498654,-5.801799995,1.1,1.1
7.900402993,-6.033821043,1.1,1.1
8.204308707,-6.265840716,1.1,1.1
8.508215568,-6.497859318,1.1,1.1
8.812123193,-6.729877079,1.1,1.1
9.116031507,-6.961894382,1.1,1.1
9.419940126,-7.193911531,1.1,1.1
9.723848822,-7.425928834,1.1,1.1
10.02775744,-7.657946595,1.1,1.1
10.3316656,-7.889965044,1.1,1.1
10.63557315,-8.121984487,1.1,1.1
10.93947986,-8.354005383,1.1,1.1
11.24338534,-8.586027884,1.1,1.1
11.54728945,-8.818052296,1.1,1.1
11.85119196,-9.050079002,1.1,1.1
12.15509262,-9.28210823,1.1,1.1
12.45899154,-9.514139829,1.1,1.1
12.76288861,-9.746173797,1.1,1.1
13.06678416,-9.978209906,1.1,1.1
13.37067802,-10.21024823,1.1,1.1
13.67457043,-10.44228855,1.1,1.1
13.97846139,-10.67433077,1.1,1.1
14.2823509,-10.90637483,1.1,1.1
14.58623919,-11.13842057,1.1,1.1
14.89012617,-11.37046792,1.1,1.1
15.19401201,-11.60251687,1.1,1.1
15.4978967,-11.8345672,1.1,1.1
15.8017804,-12.06661883,1.1,1.1
16.1056631,-12.29867175,1.1,1.1
16.40954488,-12.53072575,1.1,1.1
16.71342591,-12.76278074,1.1,1.1
17.01730609,-12.99483665,1.1,1.1
17.32118566,-13.2268934,1.1,1.1
17.62506454,-13.45895084,1.1,1.1
17.92894288,-13.69100896,1.1,1.1
18.23282077,-13.92306755,1.1,1.1
18.5366982,-14.15512659,1.1,1.1
18.84057524,-14.38718587,1.1,1.1
19.14445206,-14.61924544,1.1,1.1
19.44832865,-14.8513051,1.1,1.1
19.75220508,-15.08336475,1.1,1.1
20.05608144,-15.31542441,1.1,1.1
20.3599578,-15.54748376,1.1,1.1
20.66383423,-15.77954288,1.1,1.1
20.96771082,-16.01160162,1.1,1.1
21.27158756,-16.24365989,1.1,1.1
21.57546461,-16.47571748,1.1,1.1
21.87934196,-16.70777446,1.1,1.1
22.18321969,-16.93983068,1.1,1.1
22.48709796,-17.17188598,1.1,1.1
22.79097669,-17.40394028,1.1,1.1
23.09485611,-17.63599344,1.1,1.1
23.39873621,-17.86804545,1.1,1.1
23.702617,-18.10009623,1.1,1.1
24.00649864,-18.33214557,1.1,1.1
24.31038111,-18.56419337,1.1,1.1
24.61426465,-18.79623965,1.1,1.1
24.91814912,-19.02828417,1.1,1.1
25.22203472,-19.260327,1.1,1.1
25.52592148,-19.49236785,1.1,1.1
25.82980946,-19.72440671,1.1,1.1
26.13369866,-19.95644351,1.1,1.1
26.43758931,-20.18847809,1.1,1.1
26.74148142,-20.42051038,1.1,1.1
27.04537498,-20.65254029,1.1,1.1
27.34927014,-20.88456769,1.1,1.1
27.65316691,-21.11659256,1.1,1.1
27.95706544,-21.34861468,1.1,1.1
28.26096573,-21.58063397,1.1,1.1
28.56486785,-21.81265035,1.1,1.1
28.86877188,-22.04466383,1.1,1.1
29.1726779,-22.2766741,1.1,1.1
29.47658599,-22.50868124,1.1,1.1
29.78049621,-22.74068508,1.1,1.1
30.08440858,-22.97268549,1.1,1.1
30.38832323,-23.20468246,1.1,1.1
30.69224019,-23.43667576,1.1,1.1
30.99615958,-23.66866538,1.1,1.1
31.30008143,-23.90065119,1.1,1.1
31.6040058,-24.1326331,1.1,1.1
31.90793276,-24.36461103,1.1,1.1
32.21186241,-24.59658483,1.1,1.1
32.5157948,-24.82855451,1.1,1.1
32.8197298,-25.06052013,1.1,1.1
33.12365623,-25.29250089,1.1,1.1
33.42754558,-25.52454594,1.1,1.1
33.73136774,-25.75670697,1.1,1.1
34.03509242,-25.98903557,1.1,1.1
34.33868967,-26.2215835,1.1,1.1
34.64212935,-26.45440236,1.1,1.1
34.94538128,-26.68754399,1.1,1.1
35.24841533,-26.92105999,1.1,1.1
35.55140305,-27.15467567,1.1,1.1
35.85852931,-27.38161872,1.1,1.1
36.17766659,-27.58914664,1.1,1.1
36.51249014,-27.77144149,1.1,1.1
36.8550255,-27.94189221,1.1,1.1
37.19786207,-28.11270628,1.1,1.1
37.54029651,-28.28435846,1.1,1.1
37.88273754,-28.45537787,1.1,1.1
38.22559535,-28.6242909,1.1,1.1
38.57001898,-28.78802999,1.1,1.1
38.91912852,-28.93927788,1.1,1.1
39.27636879,-29.07001667,1.1,1.1
39.64518456,-29.17222854,1.1,1.1
40.02724599,-29.23545413,1.1,1.1
40.4082636,-29.22727966,1.1,1.1
40.765149,-29.10429809,1.1,1.1
41.05485994,-28.85708981,1.1,1.1
41.20569142,-28.52735404,1.1,1.1
41.20255436,-28.1549488,1.1,1.1
41.11481546,-27.77105917,1.1,1.1
41.00713784,-27.40001914,1.1,1.1
40.89444223,-27.03868651,1.1,1.1
40.77777987,-26.67798084,1.1,1.1
40.65793672,-26.3163055,1.1,1.1
40.53562537,-25.95413538,1.1,1.1
40.4115586,-25.59194508,1.1,1.1
40.28635689,-25.23013091,1.1,1.1
40.16023474,-24.86874393,1.1,1.1
40.03329489,-24.50773988,1.1,1.1
39.90564003,-24.14707449,1.1,1.1
39.77737304,-23.78670374,1.1,1.1
39.64859645,-23.42658335,1.1,1.1
39.51941323,-23.06666923,1.1,1.1
39.38992589,-22.70691717,1.1,1.1
39.26023743,-22.34728292,1.1,1.1
39.13045034,-21.98772244,1.1,1.1
39.00066754,-21.62819148,1.1,1.1
38.87099168,-21.26864583,1.1,1.1
38.7415256,-20.9090414,1.1,1.1
38.61237189,-20.54933398,1.1,1.1
38.48363345,-20.18947941,1.1,1.1
38.35541286,-19.82943349,1.1,1.1
38.22781304,-19.46915203,1.1,1.1
38.10086181,-19.1086124,1.1,1.1
37.9739897,-18.74796398,1.1,1.1
37.84634056,-18.38743858,1.1,1.1
37.71705681,-18.02726858,1.1,1.1
37.58532901,-17.66767347,1.1,1.1
37.45250456,-17.30830281,1.1,1.1
37.32289919,-16.94802196,1.1,1.1
37.20104499,-16.58563886,1.1,1.1
37.0914739,-16.21996168,1.1,1.1
36.99821222,-15.85007953,1.1,1.1
36.92313951,-15.47627543,1.1,1.1
36.86756547,-15.09914919,1.1,1.1
36.83279976,-14.71930048,1.1,1.1
36.82004886,-14.33735532,1.1,1.1
36.82886297,-13.95435846,1.1,1.1
36.85745855,-13.57169224,1.1,1.1
36.9040142,-13.19074856,1.1,1.1
36.96675817,-12.81288023,1.1,1.1
37.04470419,-12.43882164,1.1,1.1
37.13749488,-12.0688119,1.1,1.1
37.24479048,-11.70307631,1.1,1.1
37.3662512,-11.34184016,1.1,1.1
37.50153721,-10.98532875,1.1,1.1
37.65030879,-10.63376736,1.1,1.1
37.81222619,-10.28738138,1.1,1.1
37.9869496,-9.946396012,1.1,1.1
38.17431129,-9.611272242,1.1,1.1
38.37545509,-9.284267284,1.1,1.1
38.59212845,-8.968465446,1.1,1.1
38.82608219,-8.66695524,1.1,1.1
39.07901193,-8.382763026,1.1,1.1
39.35039661,-8.116405671,1.1,1.1
39.63678916,-7.865088683,1.1,1.1
39.93454246,-7.625790518,1.1,1.1
40.2400094,-7.395490016,1.1,1.1
40.55006187,-7.171543669,1.1,1.1
40.86366612,-6.952833038,1.1,1.1
41.18031639,-6.738623914,1.1,1.1
41.49950687,-6.52818224,1.1,1.1
41.82073203,-6.320773959,1.1,1.1
42.14348593,-6.115664938,1.1,1.1
42.46726285,-5.91212112,1.1,1.1
42.79155718,-5.709408295,1.1,1.1
43.1158639,-5.50679363,1.1,1.1
43.43985144,-5.303791677,1.1,1.1
43.76357363,-5.10046696,1.1,1.1
44.08713589,-4.896958156,1.1,1.1
44.4106438,-4.693403788,1.1,1.1
44.734203,-4.489942381,1.1,1.1
45.057919,-4.286712689,1.1,1.1
45.38189744,-4.08385316,1.1,1.1
45.70624376,-3.881502547,1.1,1.1
46.03104586,-3.67977537,1.1,1.1
46.35626299,-3.478612535,1.1,1.1
46.68179754,-3.27787804,1.1,1.1
47.00755165,-3.077435578,1.1,1.1
47.33342747,-2.877148993,1.1,1.1
47.65932722,-2.676881903,1.1,1.1
47.98515296,-2.476498,1.1,1.1
48.31080684,-2.275861053,1.1,1.1
48.6361911,-2.074834755,1.1,1.1
48.96120786,-1.873282798,1.1,1.1
49.28575929,-1.671068952,1.1,1.1
49.60974752,-1.468056908,1.1,1.1
49.93307478,-1.264110437,1.1,1.1
50.25564306,-1.059093153,1.1,1.1
50.57735466,-0.852868828,1.1,1.1
50.89811172,-0.645301152,1.1,1.1
51.21781632,-0.436253895,1.1,1.1
51.53620525,-0.225391297,1.1,1.1
51.85066573,-0.009546637,1.1,1.1
52.15683905,0.216550965,1.1,1.1
52.45032501,0.458222239,1.1,1.1
52.72673196,0.720771321,1.1,1.1
52.98313306,1.006604269,1.1,1.1
53.21972955,1.311939261,1.1,1.1
53.43712481,1.632199183,1.1,1.1
53.6359221,1.962806615,1.1,1.1
53.81693308,2.299563627,1.1,1.1
53.98241542,2.640908609,1.1,1.1
54.13524135,2.986399536,1.1,1.1
54.27828511,3.335598284,1.1,1.1
54.41442108,3.688067032,1.1,1.1
54.54652356,4.043367732,1.1,1.1
54.677467,4.401062488,1.1,1.1
54.81012556,4.760713174,1.1,1.1
54.94736544,5.121846652,1.1,1.1
55.09177113,5.482790079,1.1,1.1
55.24558378,5.840406169,1.1,1.1
55.41102331,6.191468727,1.1,1.1
55.59031,6.53275148,1.1,1.1
55.78566375,6.861028003,1.1,1.1
55.99930494,7.173072176,1.1,1.1
56.23345339,7.465657652,1.1,1.1
56.4903294,7.735558158,1.1,1.1
56.77190379,7.979809486,1.1,1.1
57.07681817,8.198947692,1.1,1.1
57.40134238,8.396002652,1.1,1.1
57.74169506,8.574057911,1.1,1.1
58.094095,8.736196934,1.1,1.1
58.45476108,8.885503188,1.1,1.1
58.81991184,9.025060294,1.1,1.1
59.18576623,9.15795164,1.1,1.1
59.54854541,9.287274302,1.1,1.1
59.9048261,9.418042755,1.1,1.1
60.25190562,9.559158489,1.1,1.1
60.5871683,9.719993074,1.1,1.1
60.90799868,9.909918082,1.1,1.1
61.21282262,10.13589933,1.1,1.1
61.5069061,10.38910375,1.1,1.1
61.79784839,10.65467017,1.1,1.1
62.0799369,10.9285239,1.1,1.1
62.33220857,11.21909763,1.1,1.1
62.54452339,11.53027404,1.1,1.1
62.7204387,11.85977068,1.1,1.1
62.86428907,12.20495536,1.1,1.1
62.98040872,12.5631958,1.1,1.1
63.07313229,12.93185967,1.1,1.1
63.14679407,13.30831477,1.1,1.1
63.20572854,13.68992875,1.1,1.1
63.25427009,14.0740695,1.1,1.1
63.29655955,14.45848478,1.1,1.1
63.3360646,14.84224337,1.1,1.1
63.37610716,15.22470028,1.1,1.1
63.42000876,15.60521096,1.1,1.1
63.47109138,15.98313058,1.1,1.1
63.53267655,16.35781437,1.1,1.1
63.60808617,16.72861756,1.1,1.1
63.70064192,17.09489556,1.1,1.1
63.81365311,17.45600258,1.1,1.1
63.94894203,17.81119343,1.1,1.1
64.10545454,18.15952984,1.1,1.1
64.28180729,18.50005155,1.1,1.1
64.47661727,18.83179814,1.1,1.1
64.68850114,19.15380934,1.1,1.1
64.91607572,19.46512496,1.1,1.1
65.15795792,19.7647845,1.1,1.1
65.41276447,20.05182786,1.1,1.1
65.67919537,20.32545422,1.1,1.1
65.95646258,20.58584754,1.1,1.1
66.2439735,20.83356679,1.1,1.1
66.54113563,21.06917151,1.1,1.1
66.84735666,21.29322121,1.1,1.1
67.16204418,21.50627559,1.1,1.1
67.48460581,21.70889423,1.1,1.1
67.81444914,21.90163666,1.1,1.1
68.15098186,22.08506241,1.1,1.1
68.49365238,22.2592912,1.1,1.1
68.84204513,22.42298182,1.1,1.1
69.19577267,22.57449048,1.1,1.1
69.5544475,22.71217315,1.1,1.1
69.91768216,22.83438581,1.1,1.1
70.28508921,22.9394846,1.1,1.1
70.65628115,23.02582564,1.1,1.1
71.03087053,23.09176484,1.1,1.1
71.40843245,23.13576192,1.1,1.1
71.78810885,23.15747722,1.1,1.1
72.16876241,23.1573442,1.1,1.1
72.54925153,23.13580894,1.1,1.1
72.92843431,23.09331751,1.1,1.1
73.30516921,23.03031606,1.1,1.1
73.67831425,22.94725068,1.1,1.1
74.0467279,22.84456758,1.1,1.1
74.40926818,22.72271285,1.1,1.1
74.76512405,22.58264652,1.1,1.1
75.11542495,22.42834528,1.1,1.1
75.46200633,22.26488378,1.1,1.1
75.8067048,22.0973378,1.1,1.1
76.15132307,21.93067984,1.1,1.1
76.49678739,21.7671967,1.1,1.1
76.84308921,21.60631135,1.1,1.1
77.19017462,21.44730709,1.1,1.1
77.53798927,21.28948159,1.1,1.1
77.88647536,21.13249855,1.1,1.1
78.23557098,20.97641049,1.1,1.1
78.58521389,20.82128843,1.1,1.1
78.93534195,20.66720362,1.1,1.1
79.28589307,20.51422708,1.1,1.1
79.6368051,20.36242999,1.1,1.1
79.98801589,20.21188351,1.1,1.1
80.33946329,20.06265875,1.1,1.1
80.69131563,19.91517411,1.1,1.1
81.04628195,19.77367682,1.1,1.1
81.40861131,19.64493425,1.1,1.1
81.77930969,19.54867678,1.1,1.1
82.1535776,19.52725581,1.1,1.1
82.52580328,19.59647549,1.1,1.1
82.89002419,19.7219804,1.1,1.1
83.24220259,19.87646411,1.1,1.1
83.58170685,20.05355796,1.1,1.1
83.90895614,20.24944173,1.1,1.1
84.22559845,20.46109618,1.1,1.1
84.53340318,20.68558157,1.1,1.1
84.83413996,20.91995791,1.1,1.1
85.12942444,21.16155128,1.1,1.1
85.42003381,21.40913759,1.1,1.1
85.70646068,21.66198492,1.1,1.1
85.98919747,21.91936159,1.1,1.1
86.26870241,22.18056755,1.1,1.1
86.54464379,22.44563155,1.1,1.1
86.81589911,22.71531234,1.1,1.1
87.08131133,22.99040033,1.1,1.1
87.33972334,23.27168613,1.1,1.1
87.589978,23.55996022,1.1,1.1
87.83091843,23.85601309,1.1,1.1
88.06138734,24.16063528,1.1,1.1
88.28022992,24.47461566,1.1,1.1
88.48871666,24.79678732,1.1,1.1
88.69524701,25.12023575,1.1,1.1
88.90952287,25.43699587,1.1,1.1
89.14124631,25.73910291,1.1,1.1
89.39934747,26.01887809,1.1,1.1
89.68496293,26.27153354,1.1,1.1
89.99470983,26.4939578,1.1,1.1
90.32514976,26.68305961,1.1,1.1
90.67284569,26.8357828,1.1,1.1
91.03445192,26.95156172,1.1,1.1
91.406774,27.03394932,1.1,1.1
91.78663127,27.08688489,1.1,1.1
92.17084343,27.11430752,1.1,1.1
92.55627089,27.11917666,1.1,1.1
92.93998743,27.09934421,1.1,1.1
93.31913603,27.05100333,1.1,1.1
93.69085967,26.97034638,1.1,1.1
94.05237867,26.85434155,1.1,1.1
94.40131245,26.70395875,1.1,1.1
94.73540837,26.52145473,1.1,1.1
95.05241412,26.30908687,1.1,1.1
95.35007729,26.06911236,1.1,1.1
95.6261455,25.80378867,1.1,1.1
95.87836633,25.51537306,1.1,1.1
96.10448748,25.20612285,1.1,1.1
96.30227023,24.87830318,1.1,1.1
96.47981649,24.53993701,1.1,1.1
96.6739009,24.21501412,1.1,1.1
96.92234038,23.92908423,1.1,1.1
97.22653338,23.69659586,1.1,1.1
97.56842268,23.52508702,1.1,1.1
97.93395545,23.41418443,1.1,1.1
98.31167347,23.35907574,1.1,1.1
98.69296209,23.35336665,1.1,1.1
99.07130531,23.38957411,1.1,1.1
99.44543065,23.45787021,1.1,1.1
99.8168621,23.54717707,1.1,1.1
100.1871501,23.64640501,1.1,1.1
100.5578324,23.74455074,1.1,1.1
100.9297194,23.83559328,1.1,1.1
101.3025114,23.92111794,1.1,1.1
101.675815,24.00335111,1.1,1.1
102.0492365,24.08451927,1.1,1.1
102.4224453,24.16651232,1.1,1.1
102.7954105,24.24961348,1.1,1.1
103.1681905,24.33362698,1.1,1.1
103.5408436,24.41835711,1.1,1.1
103.9134281,24.50360777,1.1,1.1
104.2860026,24.58918326,1.1,1.1
104.6586255,24.67488772,1.1,1.1
105.031355,24.76052521,1.1,1.1
105.4042466,24.84590637,1.1,1.1
105.7772981,24.93096461,1.1,1.1
106.1504562,25.01574221,1.1,1.1
106.5236658,25.10028549,1.1,1.1
106.896872,25.18464049,1.1,1.1
107.2700195,25.26885351,1.1,1.1
107.6430534,25.35297068,1.1,1.1
108.0159185,25.43703822,1.1,1.1
108.3885598,25.52110225,1.1,1.1
108.7609369,25.60521345,1.1,1.1
109.1331365,25.68946134,1.1,1.1
109.5053114,25.77395547,1.1,1.1
109.8776149,25.85880562,1.1,1.1
110.2501999,25.94412164,1.1,1.1
110.6232199,26.0300131,1.1,1.1
110.9968279,26.11658991,1.1,1.1
111.3711772,26.20396178,1.1,1.1
111.746303,26.29245729,1.1,1.1
112.116072,26.39384879,1.1,1.1
112.4652786,26.53673782,1.1,1.1
112.7815618,26.74269924,1.1,1.1
113.0689374,26.99489661,1.1,1.1
113.3355471,27.2689637,1.1,1.1
113.5869703,27.55625329,1.1,1.1
113.8280625,27.85255875,1.1,1.1
114.063679,28.15367348,1.1,1.1
114.2985254,28.45552045,1.1,1.1
114.5347,28.75627786,1.1,1.1
114.7720887,29.05603725,1.1,1.1
115.0105071,29.35495089,1.1,1.1
115.2497711,29.65317099,1.1,1.1
115.4896964,29.95084968,1.1,1.1
115.7300988,30.24813925,1.1,1.1
115.970794,30.54519191,1.1,1.1
116.2115979,30.84215979,1.1,1.1
116.4523751,31.13915472,1.1,1.1
116.6931089,31.43618995,1.1,1.1
116.9338009,31.73326409,1.1,1.1
117.1744524,32.03037561,1.1,1.1
117.4150648,32.32752291,1.1,1.1
117.6556395,32.62470461,1.1,1.1
117.8961778,32.92191911,1.1,1.1
118.1366814,33.21916488,1.1,1.1
118.3771514,33.51644046,1.1,1.1
118.6175893,33.8137444,1.1,1.1
118.8579967,34.1110751,1.1,1.1
119.0983747,34.40843103,1.1,1.1
119.3387248,34.70581081,1.1,1.1
119.5790485,35.00321276,1.1,1.1
119.8193471,35.3006355,1.1,1.1
120.059622,35.59807751,1.1,1.1
120.2998746,35.89553725,1.1,1.1
120.5401064,36.1930132,1.1,1.1
120.7803187,36.49050383,1.1,1.1
121.0205129,36.78800777,1.1,1.1
121.2606906,37.08552332,1.1,1.1
121.5008528,37.38304904,1.1,1.1
121.7410013,37.68058355,1.1,1.1
121.9811373,37.97812509,1.1,1.1
122.2212622,38.27567237,1.1,1.1
122.4613775,38.57322385,1.1,1.1
122.7014845,38.87077793,1.1,1.1
122.9415847,39.16833309,1.1,1.1
123.1816794,39.46588793,1.1,1.1
123.42177,39.76344094,1.1,1.1
123.6618581,40.06099051,1.1,1.1
123.9019448,40.35853512,1.1,1.1
124.1420317,40.65607337,1.1,1.1
124.3821202,40.95360376,1.1,1.1
124.6222115,41.25112473,1.1,1.1
124.8623041,41.54863891,1.1,1.1
125.1023921,41.846154,1.1,1.1
125.3424697,42.14367819,1.1,1.1
125.5825307,42.44121966,1.1,1.1
125.8225692,42.73878659,1.1,1.1
126.0625792,43.03638715,1.1,1.1
126.3025545,43.33402953,1.1,1.1
126.5424894,43.63172183,1.1,1.1
126.7823775,43.92947231,1.1,1.1
127.0222131,44.22728906,1.1,1.1
127.26199,44.52518028,1.1,1.1
127.5017024,44.82315414,1.1,1.1
127.741344,45.12121882,1.1,1.1
127.980909,45.4193825,1.1,1.1
128.2203913,45.71765329,1.1,1.1
128.459785,46.01603943,1.1,1.1
128.699082,46.31455026,1.1,1.1
128.9378216,46.61348225,1.1,1.1
129.1745064,46.91378824,1.1,1.1
129.4074952,47.21651291,1.1,1.1
129.6351464,47.5227006,1.1,1.1
129.8560694,47.83328263,1.1,1.1
130.0707697,48.14833489,1.1,1.1
130.2806194,48.46754212,1.1,1.1
130.486995,48.79058713,1.1,1.1
130.6908843,49.11724616,1.1,1.1
130.8777647,49.45101664,1.1,1.1
131.0127257,49.80028794,1.1,1.1
131.0626638,50.16956209,1.1,1.1
131.0072678,50.54644079,1.1,1.1
130.8360389,50.90373847,1.1,1.1
130.5645695,51.172608,1.1,1.1
130.2184283,51.29917309,1.1,1.1
129.8368536,51.32700601,1.1,1.1
129.4545705,51.31184333,1.1,1.1
129.0774816,51.26756148,1.1,1.1
128.7048434,51.19838385,1.1,1.1
128.3359123,51.10853406,1.1,1.1
127.9699448,51.00223556,1.1,1.1
127.6061972,50.88371199,1.1,1.1
127.243926,50.75718688,1.1,1.1
126.8823876,50.62688362,1.1,1.1
126.5208401,50.4970158,1.1,1.1
126.1587944,50.37034987,1.1,1.1
125.7962746,50.24670839,1.1,1.1
125.4333674,50.12555645,1.1,1.1
125.0701598,50.00635914,1.1,1.1
124.7067381,49.88858139,1.1,1.1
124.3431893,49.77168839,1.1,1.1
123.9796,49.65514513,1.1,1.1
123.616057,49.53841657,1.1,1.1
123.2526362,49.42103017,1.1,1.1
122.8893426,49.30292247,1.1,1.1
122.5261528,49.18419532,1.1,1.1
122.1630433,49.06495092,1.1,1.1
121.7999904,48.94529155,1.1,1.1
121.4369705,48.82531951,1.1,1.1
121.0739602,48.70513709,1.1,1.1
120.7109358,48.58484634,1.1,1.1
120.3478738,48.46454978,1.1,1.1
119.9847505,48.34434946,1.1,1.1
119.6215425,48.22434776,1.1,1.1
119.2582261,48.10464696,1.1,1.1
118.8947778,47.9853492,1.1,1.1
118.531174,47.86655684,1.1,1.1
118.1673911,47.74837208,1.1,1.1
117.8034057,47.63089715,1.1,1.1
117.439194,47.51423441,1.1,1.1
117.0747341,47.39847919,1.1,1.1
116.7100242,47.28364081,1.1,1.1
116.3450761,47.16966973,1.1,1.1
115.979902,47.05651528,1.1,1.1
115.6145141,46.94412668,1.1,1.1
115.2489245,46.83245326,1.1,1.1
114.8831452,46.72144433,1.1,1.1
114.5171885,46.61104928,1.1,1.1
114.1510665,46.50121727,1.1,1.1
113.7847914,46.39189777,1.1,1.1
113.4183752,46.28303995,1.1,1.1
113.0518302,46.17459311,1.1,1.1
112.6851684,46.06650664,1.1,1.1
112.3184022,45.95872987,1.1,1.1
111.9515434,45.85121195,1.1,1.1
111.5846044,45.74390235,1.1,1.1
111.2175972,45.63675024,1.1,1.1
110.8505339,45.52970615,1.1,1.1
110.48342,45.4227538,1.1,1.1
110.1162542,45.31591443,1.1,1.1
109.7490349,45.20921138,1.1,1.1
109.3817603,45.10266795,1.1,1.1
109.0144286,44.99630746,1.1,1.1
108.6470383,44.89015322,1.1,1.1
108.2795874,44.78422849,1.1,1.1
107.9120743,44.67855657,1.1,1.1
107.5444962,44.57316437,1.1,1.1
107.1768353,44.46812055,1.1,1.1
106.8090646,44.36352174,1.1,1.1
106.4411569,44.25946486,1.1,1.1
106.0730845,44.15604702,1.1,1.1
105.7048204,44.05336523,1.1,1.1
105.3363371,43.95151649,1.1,1.1
104.9676071,43.85059797,1.1,1.1
104.5986035,43.75070608,1.1,1.1
104.2293144,43.65188087,1.1,1.1
103.8597571,43.55405637,1.1,1.1
103.4899521,43.45715452,1.1,1.1
103.1199199,43.36109751,1.1,1.1
102.7496811,43.2658075,1.1,1.1
102.3792563,43.17120645,1.1,1.1
102.0086659,43.07721652,1.1,1.1
101.6379306,42.98375982,1.1,1.1
101.2670707,42.89075844,1.1,1.1
100.8961069,42.79813449,1.1,1.1
100.5250597,42.70581014,1.1,1.1
100.1539495,42.61370734,1.1,1.1
99.78279711,42.52174826,1.1,1.1
99.41162275,42.42985508,1.1,1.1
99.04044718,42.33794982,1.1,1.1
98.66929079,42.24595451,1.1,1.1
98.29817415,42.15379147,1.1,1.1
97.92711577,42.0613909,1.1,1.1
97.55611022,41.96878002,1.1,1.1
97.18513692,41.87604736,1.1,1.1
96.81417494,41.78328282,1.1,1.1
96.4432034,41.69057616,1.1,1.1
96.07220144,41.59801704,1.1,1.1
95.70114818,41.50569529,1.1,1.1
95.33002276,41.41370066,1.1,1.1
94.95880421,41.32212298,1.1,1.1
94.58747177,41.23105185,1.1,1.1
94.21600446,41.14057725,1.1,1.1
93.84438143,41.05078869,1.1,1.1
93.47258173,40.96177616,1.1,1.1
93.10058464,40.87362925,1.1,1.1
92.72836914,40.78643787,1.1,1.1
92.35591435,40.70029162,1.1,1.1
91.98319949,40.61528039,1.1,1.1
91.61020475,40.53148882,1.1,1.1
91.23693984,40.44887227,1.1,1.1
90.86344566,40.36724862,1.1,1.1
90.48976472,40.28642921,1.1,1.1
90.11593929,40.20622544,1.1,1.1
89.74201203,40.12644847,1.1,1.1
89.36802514,40.0469098,1.1,1.1
88.99402128,39.96742067,1.1,1.1
88.62004265,39.88779248,1.1,1.1
88.24612809,39.8078539,1.1,1.1
87.8722746,39.7276259,1.1,1.1
87.4984533,39.64724882,1.1,1.1
87.12463506,39.56686455,1.1,1.1
86.75079082,39.48661506,1.1,1.1
86.37689131,39.40664231,1.1,1.1
86.00290733,39.32708835,1.1,1.1
85.62880982,39.24809506,1.1,1.1
85.25456966,39.16980387,1.1,1.1
84.8801695,39.09230079,1.1,1.1
84.50561238,39.01557442,1.1,1.1
84.13090336,38.93960321,1.1,1.1
83.75604764,38.86436583,1.1,1.1
83.38105033,38.78984087,1.1,1.1
83.00591657,38.71600692,1.1,1.1
82.63065154,38.64284251,1.1,1.1
82.2552603,38.57032631,1.1,1.1
81.87974804,38.49843683,1.1,1.1
81.50411988,38.42715266,1.1,1.1
81.12838095,38.35645249,1.1,1.1
80.75253637,38.28631474,1.1,1.1
80.37659133,38.21671817,1.1,1.1
80.00055097,38.14764123,1.1,1.1
79.62442032,38.07906257,1.1,1.1
79.24820465,38.01096072,1.1,1.1
78.87190903,37.94331442,1.1,1.1
78.49553741,37.87610725,1.1,1.1
78.11909019,37.80933896,1.1,1.1
77.7425672,37.74301209,1.1,1.1
77.36596815,37.67712915,1.1,1.1
76.98929273,37.61169275,1.1,1.1
76.61254078,37.54670541,1.1,1.1
76.23571208,37.48216979,1.1,1.1
75.85880624,37.41808836,1.1,1.1
75.48182304,37.35446371,1.1,1.1
75.10476232,37.29129843,1.1,1.1
74.72762377,37.22859506,1.1,1.1
74.35040717,37.16635618,1.1,1.1
73.97311221,37.10458441,1.1,1.1
73.59573866,37.04328218,1.1,1.1
73.21828637,36.98245217,1.1,1.1
72.84075496,36.92209683,1.1,1.1
72.46314419,36.86221891,1.1,1.1
72.08545384,36.80282146,1.1,1.1
71.70768406,36.7439113,1.1,1.1
71.3298347,36.68549622,1.1,1.1
70.95190583,36.62758424,1.1,1.1
70.57389768,36.57018325,1.1,1.1
70.19581011,36.51330111,1.1,1.1
69.81764326,36.45694577,1.1,1.1
69.4393972,36.40112504,1.1,1.1
69.06107195,36.34584694,1.1,1.1
68.68266757,36.29111926,1.1,1.1
68.30418407,36.23694997,1.1,1.1
67.9256216,36.183347,1.1,1.1
67.54698008,36.13031816,1.1,1.1
67.16825966,36.07787148,1.1,1.1
66.78946043,36.02601474,1.1,1.1
66.41058238,35.97475584,1.1,1.1
66.03162551,35.92410278,1.1,1.1
65.65259035,35.87405986,1.1,1.1
65.2734812,35.82459558,1.1,1.1
64.89430462,35.77565787,1.1,1.1
64.51506718,35.72719445,1.1,1.1
64.13577539,35.6791531,1.1,1.1
63.7564359,35.63148137,1.1,1.1
63.37705528,35.58412714,1.1,1.1
62.9976401,35.53703796,1.1,1.1
62.61819687,35.4901616,1.1,1.1
62.2387323,35.44344579,1.1,1.1
61.85925291,35.39683823,1.1,1.1
61.47976518,35.35028655,1.1,1.1
61.10027585,35.30373854,1.1,1.1
60.72079133,35.25714191,1.1,1.1
60.34131836,35.21044429,1.1,1.1
59.96186343,35.16359339,1.1,1.1
59.58243312,35.11653693,1.1,1.1
59.20303369,35.06922482,1.1,1.1
58.82366591,35.02165278,1.1,1.1
58.44432473,34.97386042,1.1,1.1
58.06500527,34.92588895,1.1,1.1
57.68570247,34.87777979,1.1,1.1
57.30641122,34.8295743,1.1,1.1
56.92712646,34.7813137,1.1,1.1
56.54784316,34.73303941,1.1,1.1
56.16855634,34.68479264,1.1,1.1
55.78926088,34.63661483,1.1,1.1
55.40995166,34.58854726,1.1,1.1
55.03062378,34.54063128,1.1,1.1
54.65127213,34.49290819,1.1,1.1
54.27189166,34.44541933,1.1,1.1
53.89247733,34.39820606,1.1,1.1
53.51302408,34.3513096,1.1,1.1
53.13352687,34.30477138,1.1,1.1
52.75398066,34.25863222,1.1,1.1
52.37438469,34.21289877,1.1,1.1
51.99474437,34.16752401,1.1,1.1
51.61506598,34.12245612,1.1,1.1
51.23535571,34.07764325,1.1,1.1
50.8556196,34.03303359,1.1,1.1
50.47586385,33.9885753,1.1,1.1
50.09609464,33.94421654,1.1,1.1
49.71631817,33.89990556,1.1,1.1
49.33654047,33.85559038,1.1,1.1
48.95676782,33.81121924,1.1,1.1
48.57700633,33.76674038,1.1,1.1
48.1972622,33.72210182,1.1,1.1
47.81754153,33.67725188,1.1,1.1
47.43785053,33.63213858,1.1,1.1
47.05819531,33.58671015,1.1,1.1
46.67858205,33.54091485,1.1,1.1
46.29901688,33.4947007,1.1,1.1
45.91949621,33.44810483,1.1,1.1
45.53992592,33.40198103,1.1,1.1
45.16016328,33.35762327,1.1,1.1
44.78006511,33.31632932,1.1,1.1
44.39949496,33.27934286,1.1,1.1
44.01871449,33.24470374,1.1,1.1
43.6385982,33.2055174,1.1,1.1
43.26007296,33.15446865,1.1,1.1
42.88406562,33.08424238,1.1,1.1
42.51783701,32.98012358,1.1,1.1
42.19907242,32.79506443,1.1,1.1
41.97206462,32.5030725,1.1,1.1
41.85204993,32.13519865,1.1,1.1
41.83080287,31.75785492,1.1,1.1
41.92614754,31.41122155,1.1,1.1
42.11271479,31.0899879,1.1,1.1
42.33257145,30.77713101,1.1,1.1
42.56410713,30.46906421,1.1,1.1
42.79820184,30.1641217,1.1,1.1
43.03427794,29.86179258,1.1,1.1
43.2719596,29.56159285,1.1,1.1
43.51087117,29.26303883,1.1,1.1
43.75063689,28.96564674,1.1,1.1
43.99088103,28.66893267,1.1,1.1
44.23122799,28.37241294,1.1,1.1
44.47130187,28.07560377,1.1,1.1
44.71074315,27.77805595,1.1,1.1
44.9493045,27.4795624,1.1,1.1
45.18678649,27.18001913,1.1,1.1
45.42298972,26.87932234,1.1,1.1
45.65771497,26.57736835,1.1,1.1
45.89076287,26.27405358,1.1,1.1
46.1219342,25.96927437,1.1,1.1
46.35102965,25.66292689,1.1,1.1
46.57785366,25.35491032,1.1,1.1
46.80234073,25.04521395,1.1,1.1
47.02458434,24.73393847,1.1,1.1
47.24468786,24.42119112,1.1,1.1
47.46275464,24.10707925,1.1,1.1
47.67888812,23.79171003,1.1,1.1
47.89319151,23.47519096,1.1,1.1
48.10576823,23.15762913,1.1,1.1
48.31672157,22.83913203,1.1,1.1
48.5261513,22.51979728,1.1,1.1
48.73410718,22.19959278,1.1,1.1
48.94060359,21.87839347,1.1,1.1
49.14565382,21.55607204,1.1,1.1
49.34927126,21.23250114,1.1,1.1
49.55146943,20.90755356,1.1,1.1
49.75226157,20.58110216,1.1,1.1
49.9516612,20.25301951,1.1,1.1
50.14960503,19.92315715,1.1,1.1
50.33462136,19.58820584,1.1,1.1
50.4718341,19.23837204,1.1,1.1
50.52847666,18.86595035,1.1,1.1
50.50502957,18.48248319,1.1,1.1
50.41343286,18.10771974,1.1,1.1
50.25148886,17.76358294,1.1,1.1
50.01184125,17.47269546,1.1,1.1
49.70422878,17.25264492,1.1,1.1
49.35756598,17.11473749,1.1,1.1
48.99094405,17.05461914,1.1,1.1
48.61110297,17.05053305,1.1,1.1
48.22411643,17.07978302,1.1,1.1
47.83605747,17.11967368,1.1,1.1
47.45153998,17.15230473,1.1,1.1
47.07023508,17.17601549,1.1,1.1
46.69076868,17.19257947,1.1,1.1
46.31176678,17.20377051,1.1,1.1
45.9321218,17.21250695,1.1,1.1
45.55162419,17.22556271,1.1,1.1
45.17025293,17.25052225,1.1,1.1
44.78798722,17.29497,1.1,1.1
44.40547153,17.36646455,1.1,1.1
44.03128657,17.47225527,1.1,1.1
43.6792298,17.6193884,1.1,1.1
43.36319028,17.81490637,1.1,1.1
43.09696839,18.06577667,1.1,1.1
42.88524101,18.37122893,1.1,1.1
42.71576318,18.71614122,1.1,1.1
42.57445258,19.08383297,1.1,1.1
42.44722689,19.457624,1.1,1.1
42.32132224,19.82307933,1.1,1.1
42.19178315,20.1790621,1.1,1.1
42.0565177,20.52931209,1.1,1.1
41.91343801,20.87757649,1.1,1.1
41.76026278,21.22655071,1.1,1.1
41.59356912,21.57273938,1.1,1.1
41.40951817,21.91038931,1.1,1.1
41.20427055,22.23374416,1.1,1.1
40.97421445,22.5372924,1.1,1.1
40.7215808,22.82180777,1.1,1.1
40.4548006,23.09473303,1.1,1.1
40.18260397,23.36383327,1.1,1.1
39.91372008,23.63687206,1.1,1.1
39.65374134,23.91867105,1.1,1.1
39.39835753,24.20476255,1.1,1.1
39.14130898,24.48884995,1.1,1.1
38.87633596,24.76463675,1.1,1.1
38.597441,25.02579914,1.1,1.1
38.30152008,25.26571195,1.1,1.1
37.98726334,25.47756294,1.1,1.1
37.6533879,25.6545373,1.1,1.1
37.29905182,25.79074283,1.1,1.1
36.92819343,25.89028589,1.1,1.1
36.54767709,25.96339381,1.1,1.1
36.1644093,26.02038214,1.1,1.1
35.78524327,26.07149831,1.1,1.1
35.41247298,26.1211856,1.1,1.1
35.04041725,26.16373421,1.1,1.1
34.66259029,26.19240998,1.1,1.1
34.27250636,26.20047864,1.1,1.1
33.87209595,26.1750926,1.1,1.1
33.51006436,26.06942825,1.1,1.1
33.24950844,25.82833607,1.1,1.1
33.11486429,25.4714181,1.1,1.1
33.09265521,25.08879087,1.1,1.1
33.16229252,24.72443067,1.1,1.1
33.29782814,24.37486657,1.1,1.1
33.47309525,24.03469339,1.1,1.1
33.66253435,23.69862923,1.1,1.1
33.85339073,23.36399075,1.1,1.1
34.0451044,23.03056949,1.1,1.1
34.23759991,22.69825542,1.1,1.1
34.43080187,22.3669384,1.1,1.1
34.62463477,22.03650825,1.1,1.1
34.81902321,21.70685489,1.1,1.1
35.01389182,21.37786816,1.1,1.1
35.20916523,21.04943806,1.1,1.1
35.40476798,20.72145433,1.1,1.1
35.60062461,20.39380698,1.1,1.1
35.79665975,20.06638576,1.1,1.1
35.99279795,19.73908066,1.1,1.1
36.18896389,19.41178153,1.1,1.1
36.38508205,19.08437828,1.1,1.1
36.58107698,18.75676074,1.1,1.1
36.77687345,18.42881883,1.1,1.1
36.97239746,18.10044407,1.1,1.1
37.16767323,17.77163127,1.1,1.1
37.3628796,17.44253805,1.1,1.1
37.55820904,17.11333657,1.1,1.1
37.75385407,16.78419886,1.1,1.1
37.95000717,16.45529691,1.1,1.1
38.14686076,16.12680282,1.1,1.1
38.34460743,15.79888866,1.1,1.1
38.54343951,15.47172645,1.1,1.1
38.74349606,15.14545731,1.1,1.1
38.94384655,14.81960228,1.1,1.1
39.1425739,14.49311091,1.1,1.1
39.33772392,14.16491106,1.1,1.1
39.52734252,13.83393064,1.1,1.1
39.70947553,13.4990976,1.1,1.1
39.88216886,13.15933992,1.1,1.1
40.04346848,12.81358555,1.1,1.1
40.19141892,12.4607633,1.1,1.1
40.32335597,12.10035455,1.1,1.1
40.43471075,11.73332446,1.1,1.1
40.52059838,11.36088436,1.1,1.1
40.57613388,10.98424593,1.1,1.1
40.5970691,10.60465752,1.1,1.1
40.58492292,10.22370291,1.1,1.1
40.544281,9.843143987,1.1,1.1
40.47975724,9.46474412,1.1,1.1
40.39595818,9.090249156,1.1,1.1
40.29706309,8.72039346,1.1,1.1
40.18660268,8.354376387,1.1,1.1
40.0680535,7.991268707,1.1,1.1
39.94489204,7.630141269,1.1,1.1
39.81983328,7.270202908,1.1,1.1
39.69198301,6.911315252,1.1,1.1
39.55937919,6.553533269,1.1,1.1
39.42005976,6.196911848,1.1,1.1
39.27170926,5.84214835,1.1,1.1
39.11034887,5.492965428,1.1,1.1
38.93151001,5.153975895,1.1,1.1
38.73072437,4.829792721,1.1,1.1
38.50371803,4.524943482,1.1,1.1
38.24980791,4.242380382,1.1,1.1
37.97147057,3.983669617,1.1,1.1
37.67129026,3.750330065,1.1,1.1
37.35185269,3.543874636,1.1,1.1
37.01629974,3.363499629,1.1,1.1
36.6691771,3.202555493,1.1,1.1
36.3152485,3.053484853,1.1,1.1
35.95927757,2.908730408,1.1,1.1
35.60565537,2.761248211,1.1,1.1
35.25562196,2.608335124,1.1,1.1
34.90883294,2.449471301,1.1,1.1
34.5649316,2.284153403,1.1,1.1
34.22345574,2.112250477,1.1,1.1
33.88305421,1.936764035,1.1,1.1
33.54193101,1.762262247,1.1,1.1
33.19828699,1.59332521,1.1,1.1
32.85033466,1.434539516,1.1,1.1
32.49686199,1.290820258,1.1,1.1
32.13748216,1.16755345,1.1,1.1
31.77187202,1.070161724,1.1,1.1
31.39970858,1.004067331,1.1,1.1
31.02105796,0.972552197,1.1,1.1
30.63771105,0.969417969,1.1,1.1
30.25193583,0.985842585,1.1,1.1
29.86600014,1.013004217,1.1,1.1
29.48210479,1.042559063,1.1,1.1
29.10130452,1.074299031,1.1,1.1
28.72369567,1.11482016,1.1,1.1
28.34934534,1.170928108,1.1,1.1
27.97829025,1.248996526,1.1,1.1
27.61006122,1.348157037,1.1,1.1
27.24377,1.461539,1.1,1.1
26.87851542,1.582090134,1.1,1.1
26.51339876,1.702769778,1.1,1.1
26.14825358,1.819935093,1.1,1.1
25.78467085,1.938100657,1.1,1.1
25.42450001,2.062979684,1.1,1.1
25.06959019,2.200285692,1.1,1.1
24.72171881,2.35522313,1.1,1.1
24.3820875,2.528935283,1.1,1.1
24.05162234,2.720619366,1.1,1.1
23.73124774,2.929460824,1.1,1.1
23.42188797,3.154644717,1.1,1.1
23.12446745,3.395356411,1.1,1.1
22.83991042,3.650780967,1.1,1.1
22.56914124,3.920103753,1.1,1.1
22.31305036,4.202497061,1.1,1.1
22.07106908,4.496577713,1.1,1.1
21.84065039,4.80020936,1.1,1.1
21.61910597,5.111201911,1.1,1.1
21.40374753,5.427365349,1.1,1.1
21.19188697,5.746509508,1.1,1.1
20.98083593,6.066444372,1.1,1.1
20.76790624,6.384979926,1.1,1.1
20.55040977,6.699926078,1.1,1.1
20.32584082,7.009240817,1.1,1.1
20.09456201,7.313207996,1.1,1.1
19.85921485,7.613959681,1.1,1.1
19.62250377,7.913678627,1.1,1.1
19.38712886,8.21454445,1.1,1.1
19.15476677,8.51790868,1.1,1.1
18.92474477,8.823223108,1.1,1.1
18.6960623,9.129674016,1.1,1.1
18.46771972,9.436448607,1.1,1.1
18.23897723,9.742944008,1.1,1.1
18.0096886,10.04903576,1.1,1.1
17.77978968,10.3546663,1.1,1.1
17.54921664,10.65977776,1.1,1.1
17.31790541,10.96431249,1.1,1.1
17.08579201,11.26821263,1.1,1.1
16.85281246,11.57142044,1.1,1.1
16.61890283,11.87387823,1.1,1.1
16.38399907,12.17552826,1.1,1.1
16.14803726,12.47631266,1.1,1.1
15.91095334,12.7761738,1.1,1.1
15.67268341,13.07505388,1.1,1.1
15.43316339,13.37289518,1.1,1.1
15.19232938,13.66963982,1.1,1.1
14.95011739,13.96523025,1.1,1.1
14.70646335,14.2596086,1.1,1.1
14.46130343,14.55271705,1.1,1.1
14.21424018,14.84423539,1.1,1.1
13.96354304,15.13279265,1.1,1.1
13.70714828,15.41675552,1.1,1.1
13.44299179,15.69449052,1.1,1.1
13.16866095,15.96353206,1.1,1.1
12.87656987,16.20907368,1.1,1.1
12.55521375,16.40692164,1.1,1.1
12.20088754,16.54368731,1.1,1.1
11.82725086,16.63026871,1.1,1.1
11.44663094,16.67739512,1.1,1.1
11.06337201,16.68834329,1.1,1.1
10.68076176,16.66540352,1.1,1.1
10.30208805,16.6108662,1.1,1.1
9.930225509,16.52731674,1.1,1.1
9.565104181,16.41944563,1.1,1.1
9.205375365,16.29285722,1.1,1.1
8.849684778,16.15315968,1.1,1.1
8.496691059,16.0059027,1.1,1.1
8.145509166,15.85452531,1.1,1.1
7.795826195,15.6998192,1.1,1.1
7.447365785,15.54240835,1.1,1.1
7.099851347,15.38291666,1.1,1.1
6.753006443,15.22196794,1.1,1.1
6.40655456,15.06018623,1.1,1.1
6.060219261,14.89819544,1.1,1.1
5.713723956,14.73661939,1.1,1.1
5.366805815,14.57605061,1.1,1.1
5.019391142,14.41664209,1.1,1.1
4.671545453,14.25822366,1.1,1.1
4.323337399,14.10061779,1.1,1.1
3.974835631,13.9436469,1.1,1.1
3.626108876,13.78713356,1.1,1.1
3.277225783,13.63090009,1.1,1.1
2.928255081,13.47476907,1.1,1.1
2.579265343,13.31856328,1.1,1.1
2.23030649,13.16216147,1.1,1.1
1.881388996,13.00556029,1.1,1.1
1.532518594,12.84877112,1.1,1.1
1.183701018,12.69180558,1.1,1.1
0.834941772,12.53467499,1.1,1.1
0.486246513,12.3773909,1.1,1.1
0.137621051,12.21996461,1.1,1.1
-0.210929109,12.06240775,1.1,1.1
-0.55939831,11.9047317,1.1,1.1
-0.907780819,11.74694794,1.1,1.1
-1.256071054,11.58906785,1.1,1.1
-1.60426336,11.43110291,1.1,1.1
-1.952352001,11.27306465,1.1,1.1
-2.300331474,11.11496447,1.1,1.1
-2.648195969,10.95681383,1.1,1.1
-2.995939982,10.79862413,1.1,1.1
-3.343557778,10.64040698,1.1,1.1
-3.691079555,10.48220252,1.1,1.1
-4.038666772,10.32415708,1.1,1.1
-4.386510855,10.16644097,1.1,1.1
-4.734803308,10.00922453,1.1,1.1
-5.083735556,9.852678163,1.1,1.1
-5.433499104,9.696972114,1.1,1.1
-5.784285454,9.54227694,1.1,1.1
-6.136285956,9.388762894,1.1,1.1
-6.489672467,9.236575455,1.1,1.1
-6.841800714,9.082302506,1.1,1.1
-7.184304347,8.915302975,1.1,1.1
-7.508123091,8.724058928,1.1,1.1
-7.804196598,8.497052507,1.1,1.1
-8.065744818,8.225319535,1.1,1.1
-8.300950933,7.916653154,1.1,1.1
-8.515083609,7.58415118,1.1,1.1
-8.654911724,7.231440473,1.1,1.1
-8.649843353,6.866170452,1.1,1.1
-8.475644912,6.541707707,1.1,1.1
-8.201379284,6.272543628,1.1,1.1
-7.900062568,6.035202311,1.1,1.1
-7.592222135,5.806972488,1.1,1.1
-7.286950519,5.576191279,1.1,1.1
-6.983797209,5.343224412,1.1,1.1
-6.681826707,5.109049279,1.1,1.1
-6.380103669,4.874643195,1.1,1.1
-6.077898625,4.640767434,1.1,1.1
-5.775155307,4.407477573,1.1,1.1
-5.471955058,4.17468516,1.1,1.1
-5.168379065,3.94230167,1.1,1.1
-4.864508517,3.710238575,1.1,1.1
-4.560424678,3.478407424,1.1,1.1
-4.256208737,3.246719767,1.1,1.1
-3.951941957,3.015087076,1.1,1.1
-3.647701246,2.783425488,1.1,1.1
-3.343514508,2.551704652,1.1,1.1
-3.039378684,2.319928085,1.1,1.1
-2.735289876,2.088099916,1.1,1.1
-2.431244567,1.856224272,1.1,1.1
-2.127238935,1.624305129,1.1,1.1
-1.823269387,1.392346692,1.1,1.1
-1.519332023,1.160353012,1.1,1.1
-1.21542325,0.928328294,1.1,1.1
-0.9115394,0.696276436,1.1,1.1
-0.607676727,0.464201798,1.1,1.1
-0.303831483,0.2321082,1.1,1.1
