0.9016741514205933,-1.6540613174438477
0.9222565717525281,-1.694492637092469
0.9428158728418149,-1.7349343177465548
0.9633289354458061,-1.775396720411571
0.9837726403218537,-1.815890206092982
1.00412386822731,-1.8564251357962533
1.0243594999195267,-1.8970118705268497
1.0444564161558563,-1.937660771290236
1.0643914976936508,-1.9783821990918777
1.0841416252902625,-2.0191865149372394
1.1036836797030436,-2.0600840798317863
1.1229945416893459,-2.1010852547809837
1.1420510920065217,-2.1422004007902964
1.160830211411923,-2.1834398788651885
1.1793087806629023,-2.2248140500111266
1.1974671981575542,-2.266331616364716
1.2153119044079417,-2.307988998975596
1.2328610295342008,-2.349777106242108
1.2501327591712428,-2.391686820382624
1.2671452789539766,-2.4337090236155148
1.2839167745173128,-2.4758345981591523
1.3004654314961608,-2.5180544262319087
1.3168094355254307,-2.560359390052154
1.3329669722400324,-2.6027403718382622
1.348956227274876,-2.645188253808603
1.3647953862648712,-2.6876939181815485
1.380502634844928,-2.7302482471754703
1.3960972521197454,-2.7728420736654806
1.4116030803808206,-2.815466024611076
1.427045152073786,-2.8581106732655743
1.4424484996474882,-2.9007665928821464
1.4578381555507736,-2.9434243567139657
1.4732391522324888,-2.986074538014204
1.4886765221414806,-3.0287077100360342
1.504175297726595,-3.0713144460326283
1.519760511436679,-3.1138853192571583
1.535457195720579,-3.156410902962797
1.551290383027141,-3.198881770402717
1.5672851058052124,-3.2412884948300897
1.583466396503639,-3.2836216494980888
1.5998592875712676,-3.325871807659886
1.6164888114569447,-3.368029542568653
1.6333796560354141,-3.4100855529640297
1.6505386259211803,-3.452037050283883
1.6679463025408452,-3.493890795886343
1.6855811777683007,-3.535654312099634
1.7034217434774388,-3.577335121251982
1.7214464915421512,-3.6189407456716105
1.7396339138363295,-3.6604787076867455
1.7579625022338656,-3.7019565296256105
1.7764107486086518,-3.743381733816432
1.7949571448345798,-3.7847618425874345
1.813580182785541,-3.826104378266842
1.8322583543354276,-3.86741686318288
1.8509701513581314,-3.9087068196637724
1.86969478366882,-3.949981895266201
1.888417682903054,-3.991250822801291
1.907127472893556,-4.032522891886044
1.9258128035171649,-4.073807396680264
1.9444623246507178,-4.115113631343752
1.9630646861710521,-4.156450890036314
1.9816085379550064,-4.197828466917752
2.000082529879417,-4.239255656147867
2.018475311821123,-4.280741751886462
2.036759213526682,-4.322299780700826
2.0548188720059857,-4.36396282445321
2.072509597535511,-4.405770672018454
2.08968667957318,-4.447763117032595
2.1062054075769097,-4.489979953131673
2.1219210710046195,-4.532460973951727
2.1366889594109475,-4.575245973100339
2.150409967914776,-4.61836132805886
2.1631604298575113,-4.661781806348776
2.175058858477072,-4.705469767119356
2.1862237670113776,-4.749387569519872
2.196773668698346,-4.79349757269959
2.2068270767758973,-4.837762135807784
2.21650250448195,-4.882143617993721
2.225918465054424,-4.926604378406673
2.2351934717312365,-4.97110677619591
2.244446003029665,-5.015613179347583
2.253750114217943,-5.060097262177957
2.2630483808421817,-5.1045661624075604
2.272259169374522,-5.149033179300435
2.281300846287103,-5.193511612120623
2.2900917780520644,-5.238014760132164
2.2985503311415467,-5.282555922599101
2.306594872027691,-5.327148398785475
2.314143767182635,-5.371805487955328
2.32111538307852,-5.416540489372702
2.3274280861874863,-5.461366702301639
2.333002896100826,-5.506297008195987
2.337848146207791,-5.551330538431769
2.342077203171848,-5.596449883864167
2.3458096686406193,-5.64163665347014
2.349165144261727,-5.68687245622664
2.3522632316827945,-5.73213890111062
2.355223532551444,-5.777417597099035
2.358165648515298,-5.822690153168841
2.3612091812219784,-5.86793817829699
2.3644737323191083,-5.91314328146044
2.368063805067704,-5.9582899462399945
2.371936894744444,-6.003390645281082
2.375967641228132,-6.048473626189209
2.3800297543422837,-6.0935673136444715
2.3839969439104163,-6.138700132326957
2.387742919756046,-6.1839005069167605
2.3911413917026896,-6.229196862093973
2.3940660617797427,-6.274617615965697
2.396363976955611,-6.320168707723378
2.3977959423177944,-6.365783346506626
2.398105352826003,-6.411380059035286
2.3970356034399467,-6.456877372029208
2.3943300891193346,-6.502193812208239
2.3897322048238774,-6.547247906292229
2.3829853455132852,-6.591958181001024
2.3738671435917404,-6.6362488276375355
2.362527378529196,-6.680105609213633
2.3493441883585082,-6.723552070651247
2.334699022920661,-6.766612304810769
2.3189733320566392,-6.809310404552582
2.302548565607427,-6.851670462737073
2.2857662651791633,-6.893723260373207
2.2687052431902495,-6.935543608777262
2.2513380784536112,-6.977224122762478
2.2336370514148536,-7.018857467144929
2.215574442519583,-7.060536306740689
2.197122532213405,-7.102353306365836
2.178175576154113,-7.1442992988095835
2.1581973051070165,-7.185803228471021
2.136503766032301,-7.226101294063776
2.1124108736305893,-7.264429521686332
2.0852345426024996,-7.300023937437182
2.0543934608878174,-7.332225032988822
2.0202531459696567,-7.36133572070363
1.9836897361759245,-7.388177942022836
1.9455843303324172,-7.413578680568539
1.9068180272649347,-7.438364919962825
1.8682719086568464,-7.4633636269370065
1.83059359633289,-7.4891717353958605
1.7936113923679977,-7.515578886551631
1.7569739626706236,-7.542197722386956
1.720329973149219,-7.568640884884474
1.683328089712238,-7.594521016026825
1.6456287553923339,-7.619462133680845
1.6071176217498337,-7.643305791513079
1.5678827685026309,-7.666089074734082
1.5280194801700993,-7.687856027892354
1.4876230412716114,-7.708650695536393
1.4467880382871061,-7.72851747540479
1.4055834829114677,-7.747513705423084
1.3640460404285295,-7.765713089973268
1.3222103002892958,-7.783190383755638
1.2801108519447686,-7.800020341470496
1.2377822848459528,-7.8162777178181395
1.195259852587594,-7.832039067513395
1.1526038096135773,-7.847448704535666
1.1099064220437507,-7.862737703422358
1.0672620492196667,-7.878142811924703
1.0247650504828767,-7.893900777793936
0.9825097851749337,-7.910248348781293
0.9405703481807696,-7.9273717646593695
0.8989222024130452,-7.945211430750704
0.8575108464327537,-7.963633067975371
0.8162817719080314,-7.9825023800733925
0.7751804705070119,-8.001685070784792
0.7341524338978317,-8.021046843849593
0.6931431537486239,-8.04045340300782
0.6520981217275253,-8.059770451999496
0.6109690909997215,-8.07887930737293
0.5697521523503623,-8.097771839870555
0.5284625347423111,-8.116487640563843
0.4871155427522854,-8.135066489064588
0.44572648095700484,-8.153548164984585
0.4043106539331859,-8.17197244793562
0.362883366257548,-8.190379117529485
0.32145992250680766,-8.208807953377972
0.2800550866512714,-8.22729733444809
0.23866379103644947,-8.245834258404017
0.19725587104148384,-8.264340699754136
0.15579955003358897,-8.282734456482004
0.11426305137997761,-8.30093332657118
0.07261459844786428,-8.318855108005218
0.030822414604458427,-8.33641759876768
-0.011145276783025418,-8.353538596842123
-0.05332025234737449,-8.370135900212103
-0.09572899626270097,-8.386140717272465
-0.13834503587371852,-8.40161844222969
-0.18111140512244348,-8.416711735660549
-0.22397077187514053,-8.43156418573081
-0.2668658039980725,-8.446319380606232
-0.3097391693575076,-8.461120908452582
-0.3525335358197085,-8.476112357435623
-0.3951915712509383,-8.491437315721118
-0.4376559435174649,-8.507239371474833
-0.47986932594869597,-8.523662099288194
-0.521794813665759,-8.540798331486638
-0.5634620109841918,-8.558575644218303
-0.6049140391594955,-8.576888027931684
-0.6461940194471667,-8.595629473075281
-0.6873450731027039,-8.614693970097596
-0.728410321381603,-8.633975509447119
-0.7694328855393656,-8.653368081572355
-0.8104558868314884,-8.672765676921799
-0.8515223890460811,-8.692062426687897
-0.8926630699962413,-8.711182796676866
-0.9338808724415104,-8.730119178888597
-0.9751749708117202,-8.748873194376488
-1.016544539536704,-8.76744646419395
-1.057988753046294,-8.785840609394384
-1.099506785770326,-8.804057251031194
-1.1410978121386328,-8.82209801015778
-1.1827610065810472,-8.83996450782755
-1.224495543527401,-8.8576583650939
-1.266300597407531,-8.875181203010241
-1.3081753426512688,-8.89253464262997
-1.3501189536884466,-8.909720305006495
-1.3921306049489004,-8.926739811193215
-1.4342085609859405,-8.943597042898235
-1.476347396158772,-8.960305050386525
-1.5185407494300833,-8.976879207984044
-1.5607822597624765,-8.993334890016977
-1.603065566118549,-9.009687470811508
-1.6453843074609003,-9.025952324693822
-1.687732122752127,-9.042144825990102
-1.7301026509548323,-9.058280349026532
-1.7724895310316133,-9.074374268129299
-1.814886401945069,-9.090441957624586
-1.8572869026652423,-9.106498791819996
-1.899686523349618,-9.122555526259646
-1.9420878085917932,-9.138605315475779
-1.9844949831216794,-9.154637122014398
-2.0269122716691856,-9.170639908421503
-2.0693438989642274,-9.186602637243102
-2.1117940897367133,-9.202514271025189
-2.154267068716554,-9.218363772313772
-2.1967670606336633,-9.234140103654854
-2.2392982902179512,-9.249832227594432
-2.281864982199329,-9.265429106678514
-2.324471361307707,-9.280919703453096
-2.3671209860161135,-9.296294717015954
-2.4098111592369085,-9.311561151144298
-2.4525357585430294,-9.326734937521937
-2.4952886264951055,-9.341832099089785
-2.5380636056537718,-9.356868658788764
-2.5808545385796577,-9.371860639559799
-2.6236552678333935,-9.386824064343806
-2.6664596359756105,-9.401774956081704
-2.709261485566941,-9.416729337714415
-2.7520546591680164,-9.431703232182862
-2.794832999339467,-9.446712662427961
-2.8375903486419225,-9.461773651390633
-2.8803205496360174,-9.4769022220118
-2.9230174448823814,-9.492114397232383
-2.9656748769416446,-9.507426199993297
-3.0082866900236214,-9.522853652374566
-3.050847150745149,-9.538412555952117
-3.093351506698588,-9.554118200214955
-3.135795144393066,-9.56998580213502
-3.178173450337714,-9.586030578684268
-3.220481811041661,-9.602267746834636
-3.262715613014034,-9.618712523558075
-3.304870242763961,-9.635380125826524
-3.346941086800576,-9.652285770611936
-3.3889235316330026,-9.669444674886252
-3.4308129637703737,-9.68687205562142
-3.472604769721814,-9.704583129789382
-3.514294335996455,-9.722593114362086
-3.5558792787808224,-9.740910452056642
-3.597380191626667,-9.759473775254467
-3.6388312048801645,-9.778180588550834
-3.680266623128244,-9.79692786715896
-3.721720750957829,-9.815612586292056
-3.7632278929558445,-9.834131721163333
-3.8048223537092136,-9.852382246986005
-3.8465384378048646,-9.870261138973285
-3.888410449829721,-9.887665372338386
-3.930472694370708,-9.904491922294516
-3.972759476014749,-9.920637764054893
-4.015305099348772,-9.93599987283273
-4.058143868959701,-9.950475223841233
-4.101310088890608,-9.963960793942453
-4.144818790914419,-9.976411989345936
-4.188614840567604,-9.98799694508762
-4.232627139648008,-9.998932194800187
-4.276784589953473,-10.00943427211632
-4.321016093281847,-10.019719710668703
-4.365250551430976,-10.030005044090023
-4.409416866198705,-10.04050680601296
-4.453443939382875,-10.0514415300702
-4.497260672781336,-10.063025749894427
-4.540795968191932,-10.075475999118323
-4.583981168953161,-10.089001131530434
-4.626800813606398,-10.103642675887736
-4.66929104151361,-10.119279851030766
-4.711490114608382,-10.135785199270133
-4.753436294824305,-10.153031262916448
-4.795167844094964,-10.170890584280318
-4.836723024353953,-10.18923570567235
-4.878140097534855,-10.207939169403156
-4.919457325571261,-10.226873517783341
-4.96071297039676,-10.245911293123516
-5.001945286271807,-10.264925101651155
-5.043189363909909,-10.28381390180397
-5.084472268483009,-10.302543504436278
-5.125819811559389,-10.321090162867078
-5.167257633078932,-10.339430417717438
-5.208790359540977,-10.357575985634522
-5.250381673012724,-10.375607123322528
-5.291990532663636,-10.393611993510081
-5.333575897663172,-10.411678758925806
-5.375096727180791,-10.429895582298323
-5.416511980385952,-10.448350626356259
-5.457780616448119,-10.467132053828236
-5.498861594536751,-10.48632802744288
-5.539713873821307,-10.506026709928815
-5.580295762528301,-10.52631099735749
-5.6205620595988,-10.54723539283059
-5.660466386646491,-10.56884487391498
-5.699962364423687,-10.591184411208353
-5.739003613682702,-10.614298975308394
-5.777543755175856,-10.638233536812793
-5.815536409655463,-10.663033066319237
-5.852935626619454,-10.688740870347532
-5.889705026551969,-10.715363107827358
-5.925817642444352,-10.742869405198167
-5.9612469043350025,-10.77122784785227
-5.995966242262312,-10.800406521181968
-6.029949086264679,-10.830373510579568
-6.06316465828004,-10.86111376821616
-6.095562259060057,-10.892692093748684
-6.127085300210029,-10.925196891529312
-6.157677192453907,-10.95871656944285
-6.1872813465156336,-10.993339535374096
-6.215833274299328,-11.029153199493798
-6.243019738925055,-11.066213552068884
-6.26823456178131,-11.104539581372261
-6.290854752686749,-11.144148152177374
-6.3102573214600275,-11.185056129257656
-6.32581928865387,-11.22728037498605
-6.3371754391173765,-11.270780106707717
-6.344886472664478,-11.315307475100278
-6.349720913951733,-11.360568154005755
-6.352447287635695,-11.406267817266185
-6.353834118372919,-11.452112138723592
-6.354649579571212,-11.497806982705413
-6.355441958280709,-11.543177459922722
-6.356164315752135,-11.588371477483687
-6.3566699795166945,-11.633591029005094
-6.35681227710559,-11.679038108103732
-6.356393420643195,-11.724862253946718
-6.354841576853189,-11.770829161634202
-6.351418712491592,-11.816533972447456
-6.345386040894026,-11.861571054510408
-6.336004775396115,-11.905534775946993
-6.322560612888368,-11.948030893612634
-6.305009741212868,-11.988977048868785
-6.284044541243243,-12.028633329458073
-6.260395053832297,-12.06727734097921
-6.2347913198328255,-12.105186689030923
-6.207963380097637,-12.142638979211917
-6.180641275479527,-12.179911817120919
-6.153555046831295,-12.217282808356646
-6.1274233914876906,-12.255025591762589
-6.102588997847139,-12.29328231827844
-6.078940683144863,-12.332036423020705
-6.056340175544796,-12.371261868232086
-6.034649203210873,-12.4109326161553
-6.013729494307022,-12.451022629033055
-5.993434168287356,-12.491499258989197
-5.973456121090169,-12.532206831990965
-5.953346566311878,-12.572880884519256
-5.932651834664423,-12.613253203776923
-5.910918256859741,-12.653055576966828
-5.887692237717403,-12.692019817168193
-5.862644300775243,-12.72992107635398
-5.835822667607094,-12.766666388418487
-5.807347142526167,-12.80218778200924
-5.777337529845662,-12.836417285773777
-5.745913633878791,-12.869286928359616
-5.713195258938759,-12.900728738414294
-5.679307751719688,-12.930726465457441
-5.644399090755939,-12.959475056782995
-5.608623030521144,-12.98722336009717
-5.572133325490772,-13.014220223123369
-5.535083730140304,-13.040714493584984
-5.497618891202257,-13.066930210626218
-5.459703680676977,-13.092601725034248
-5.4211382960979915,-13.117014830848982
-5.3817168545979985,-13.139438759707765
-5.341233473309705,-13.159142743247939
-5.2994971588744635,-13.175443978782814
-5.2565520171048234,-13.188417021771679
-5.212629642603136,-13.198740411777644
-5.167966844294212,-13.207109485996838
-5.122800431102865,-13.214219581625388
-5.077367211953916,-13.220766035859413
-5.031903995772175,-13.227444185895042
-4.986610876981598,-13.234749639552328
-4.941500439704325,-13.24215793588539
-4.89652556174726,-13.24881980754188
-4.851639095628521,-13.253885849596712
-4.806793893866217,-13.256506657124797
-4.761945905704438,-13.255906901768936
-4.717087233761264,-13.252176077528622
-4.672233378714864,-13.24596338177972
-4.627400234517666,-13.23792741938406
-4.582603695122086,-13.228726795203473
-4.537859654480541,-13.21902011409978
-4.493184200079019,-13.209438201950514
-4.448596610711112,-13.200153817910051
-4.404118782316163,-13.190964067160358
-4.359772688116684,-13.181654961988583
-4.315580301335172,-13.172012514681871
-4.271563595194125,-13.161822737527368
-4.227744542916053,-13.15087164281222
-4.184138389985958,-13.138996859785466
-4.140732694664487,-13.126248441323979
-4.097507893772114,-13.112731077856397
-4.054444424123414,-13.098549459856596
-4.011522722532977,-13.083808277798457
-3.9687232258153777,-13.068612222155853
-3.9260263707851952,-13.05306598340266
-3.8834125942570163,-13.037274252012763
-3.8408623330454152,-13.021341718460025
-3.798356811918953,-13.005367984654429
-3.7558874260716055,-12.989386972451753
-3.7134526462942543,-12.973386909887827
-3.671051086708436,-12.957355099376963
-3.6286813614356777,-12.941278843333476
-3.5863420845975087,-12.925145444171676
-3.544031870315466,-12.908942204305877
-3.501749332711076,-12.89265642615039
-3.4594923123571935,-12.876280707111517
-3.417255288741286,-12.859830651448052
-3.375031828700407,-12.843328110571331
-3.3328154990540027,-12.826794936013313
-3.290599866621506,-12.81025297930596
-3.248378498222353,-12.79372409198123
-3.2061449606759878,-12.777230125571087
-3.1638928208018453,-12.76079293160749
-3.1216174005002197,-12.744429170900546
-3.079332626879511,-12.728100478613138
-3.0370636285362425,-12.711735361058874
-2.9948356878268663,-12.695261869800271
-2.9526740871078236,-12.678608056399836
-2.910604108735556,-12.661701972420087
-2.868651035066515,-12.64447166942353
-2.8268383375111794,-12.626850387010608
-2.7851456765590368,-12.608896875274345
-2.7435076675723504,-12.59079893058161
-2.7018568680664417,-12.572750244664537
-2.660125835556631,-12.554944509255265
-2.6182471275582486,-12.537575416085934
-2.5761533015866114,-12.520836656888687
-2.5337769151570506,-12.504921923395658
-2.4910517097377607,-12.490021400928821
-2.4479679545931887,-12.4761578613565
-2.4045960793043566,-12.463116672715085
-2.3610126054275797,-12.450665160967992
-2.3172940545191727,-12.438570652078635
-2.2735169481354607,-12.426600472010437
-2.2297578078327547,-12.414521946726802
-2.1860931551673803,-12.402102402191158
-2.142589860801694,-12.389140306932612
-2.099241065022896,-12.375672050761104
-2.0560058971408557,-12.361843773847616
-2.0128433042408536,-12.347802204385417
-1.969712233408172,-12.333694070567779
-1.9265716317281019,-12.31966610058798
-1.8833804462859256,-12.305865022639287
-1.8400976241669236,-12.292437564914977
-1.7966821124563883,-12.279530455608318
-1.7530928582395977,-12.26729042291259
-1.7092888086018427,-12.255864195021063
-1.6652359373835257,-12.245372519525375
-1.620962740764051,-12.235704975013144
-1.5765304945507153,-12.226629941248484
-1.532000763481372,-12.217914729708673
-1.4874351122938747,-12.209326651870983
-1.442895105726088,-12.200633019212702
-1.3984423085158613,-12.191601143211106
-1.3541382854010588,-12.18199833534347
-1.3100446011195344,-12.171591907087079
-1.266222189549,-12.160152070862969
-1.222705107925705,-12.147572628490666
-1.1794910747146232,-12.133914481793093
-1.1365752309579342,-12.119250384599816
-1.0939527176978274,-12.103653090740393
-1.0516186759764792,-12.087195354044384
-1.0095682468360787,-12.069949928341353
-0.9677965713188056,-12.05198956746086
-0.9262987904668389,-12.033387025232457
-0.8850700453223681,-12.014215055485717
-0.8441052726599435,-11.994545828428251
-0.8033931868832369,-11.974433736060782
-0.7629152930272403,-11.953912572182704
-0.722652693117406,-11.933014979137313
-0.6825864891791864,-11.911773599267914
-0.6426977832380436,-11.890221074917816
-0.6029676773194266,-11.868390048430316
-0.5633772734487974,-11.846313162148723
-0.5239076736516083,-11.824023058416339
-0.48453997995331194,-11.801552379576464
-0.44525529437936995,-11.778933767972402
-0.40603471895523474,-11.756199865947465
-0.3668593557063591,-11.733383315844945
-0.32771030665820433,-11.710516760008153
-0.2885686738362201,-11.687632840780388
-0.24941555926586806,-11.664764200504957
-0.21023235272095644,-11.641943023601847
-0.17100721762840895,-11.619190714885814
-0.1317351785665622,-11.59651776032142
-0.09241156536266051,-11.57393416009949
-0.053031707843948214,-11.551449914410842
-0.013590935837678876,-11.529075023446303
0.025915420828903128,-11.506819487396696
0.06549203232855355,-11.484693306452833
0.10514356883401874,-11.462706480805545
0.1448747005180575,-11.440869010645653
0.18469009755341623,-11.419190896163979
0.2245944301128506,-11.397682137551346
0.26459236836911637,-11.376352734998573
0.30468858249495984,-11.355212688696485
0.34488772845182436,-11.334271970195394
0.38519032528602715,-11.31353221378926
0.42558703721351016,-11.292975193019632
0.46606709248443223,-11.272579787480616
0.5066197193489392,-11.252324876766314
0.547234146057187,-11.232189340470832
0.5878996008593309,-11.21215205818827
0.628605312005517,-11.192191909512738
0.6693405077459013,-11.17228777403834
0.7100944163306386,-11.152418531359173
0.7508562660098757,-11.13256306106935
0.7916152850337678,-11.112700242762969
0.8323607016524706,-11.092808956034139
0.87308174411613,-11.072868080476963
0.9137676406749051,-11.052856495685543
0.9544076195789416,-11.032753081253986
0.9949912212075931,-11.012537339391827
1.0355193824391014,-10.992211505318275
1.0760074315314876,-10.971806521259769
1.1164716180886232,-10.951355167284706
1.1569281917143788,-10.93089022346149
1.1973934020126167,-10.910444469858524
1.237883498587211,-10.890050686544207
1.278414731042023,-10.869741653586939
1.3190033489809243,-10.849550151055125
1.359665602007786,-10.829508959017161
1.4004177397264697,-10.809650857541452
1.4412760117408465,-10.790008626696402
1.4822566676547877,-10.770615046550404
1.5233736226158305,-10.751498205676489
1.5646101677075992,-10.732624648273154
1.6059280444904298,-10.713917611029661
1.6472885455356998,-10.695299428313973
1.6886529634147869,-10.67669243449405
1.7299825906990585,-10.658018963937856
1.7712387199598933,-10.639201351013353
1.812382643768668,-10.620161930088498
1.853375654696751,-10.60082303553126
1.8941790453155203,-10.581107001709597
1.9347541081963524,-10.560936162991469
1.975062911055232,-10.540234409889887
2.015103693291719,-10.518998249543188
2.054925508664135,-10.497326201683247
2.0945812210872288,-10.47532443513851
2.134123694475746,-10.45309911873743
2.1736057927444263,-10.430756421308454
2.213080379808015,-10.408402511680025
2.25260031958126,-10.386143558680596
2.2922184759789004,-10.364085731138617
2.331987712915685,-10.342335197882534
2.371960894306352,-10.320998127740797
2.4121908840656503,-10.300180689541854
2.452721744049112,-10.27997117905296
2.4935370385737734,-10.26033504849065
2.5345949020155003,-10.24118611318924
2.575853380788238,-10.222438009871578
2.617270521305923,-10.204004375260514
2.6588043699825015,-10.185798846078889
2.7004129732319195,-10.167735059049548
2.7420543774681136,-10.14972665089534
2.7836866291050324,-10.13168725833911
2.8252677745566115,-10.113530518103701
2.8667558602367973,-10.095170066911964
2.9081114302316626,-10.076524962236139
2.9493198963455365,-10.057568232471025
2.9903809339679204,-10.03830386256489
3.031294387669002,-10.01873620464233
3.0720601020189617,-9.998869610827953
3.11267792158799,-9.978708433246357
3.1531476909462652,-9.958257024022146
3.193469254663977,-9.937519735279922
3.2336424573113125,-9.916500919144285
3.2736671434584506,-9.89520492773984
3.3135431576755803,-9.873636113191187
3.3532706011021522,-9.851799153820563
3.392853518300735,-9.829703741548784
3.4322990437790106,-9.807363496798345
3.471614394728994,-9.784792145115146
3.510806788342692,-9.762003412045086
3.5498834418121223,-9.739011023134065
3.5888515723292906,-9.715828703927981
3.6277183970862144,-9.692470179972739
3.6664911332749064,-9.66894917681423
3.705173554968631,-9.645274296864054
3.7437550334751224,-9.621432712165648
3.7822211746932513,-9.597405992081649
3.820557584509933,-9.573175705956906
3.858749868812092,-9.548723423136272
3.8967836334866437,-9.524030712964597
3.9346444844205104,-9.499079144786737
3.972318027500615,-9.473850287947537
4.009789868613872,-9.448325711791854
4.047045613647205,-9.42248698566454
4.084070868487535,-9.396315678910439
4.120851367608331,-9.369793657237148
4.157376950157469,-9.34291224669233
4.193642321089798,-9.315673987901064
4.229642467555379,-9.288082071884169
4.26537237670429,-9.260139689662466
4.300827035686591,-9.231850032256782
4.336001431652356,-9.203216290687935
4.370890551751655,-9.174241655976747
4.405489383134552,-9.144929319144039
4.439792912951119,-9.115282471210637
4.473797598469947,-9.085305481982807
4.5075168763569256,-9.055016335860623
4.540975085376908,-9.024441758876495
4.5741967436587965,-8.993608620882368
4.607206369331506,-8.962543791730186
4.640028480523948,-8.931274141271883
4.672687595365026,-8.899826539359408
4.705208231983656,-8.868227855844703
4.737614908508747,-8.836504960579703
4.769932143069204,-8.804684723416354
4.802184453793946,-8.772794014206598
4.834396358811873,-8.740859702802382
4.866592376251899,-8.708908659055638
4.898797024242937,-8.67696775281831
4.931028667670281,-8.64505755051392
4.963262645220949,-8.613154542209127
4.995455929794677,-8.581216403921786
5.027565425621462,-8.549200741323977
5.059548036931312,-8.517065160087782
5.091360667954235,-8.48476726588527
5.122960222920229,-8.452264664388533
5.154303606059305,-8.41951496126964
5.185347721601459,-8.38647576220067
5.2160494737767005,-8.353104672853705
5.246365766815035,-8.31935929890082
5.276253973221918,-8.28519823471641
5.305682305529998,-8.250602961972987
5.3346298551586875,-8.215577931688102
5.363076189574795,-8.180128599991066
5.391000876245134,-8.144260423011184
5.4183834826365125,-8.107978856877768
5.445203576215745,-8.071289357720122
5.471440724449644,-8.034197381667552
5.497074494805014,-7.996708384849372
5.522084454748674,-7.958827823394889
5.546450171747434,-7.920561153433405
5.570151213268102,-7.881913831094235
5.59316714677749,-7.842891312506685
5.615490949580147,-7.8035036495570305
5.637200146524236,-7.763789869870917
5.658405125933479,-7.723800263890856
5.679216349377844,-7.683585147161996
5.6997442784273105,-7.643194835229472
5.720099374651855,-7.6026796436384165
5.740392099621451,-7.562089887933976
5.7607329149060735,-7.521475883661286
5.781232282075702,-7.48088794636548
5.801986885687699,-7.440371143665573
5.822926328525974,-7.399906898555275
5.8438690371261215,-7.35943428488084
5.864631427061424,-7.318891610474715
5.885029913905164,-7.27821718316935
5.904880913230621,-7.237349310797201
5.924000840611078,-7.196226301190719
5.942206111619818,-7.154786462182352
5.959313141830118,-7.112968101604557
5.975138346815262,-7.070709527289783
5.989501296248042,-7.027950176588533
6.0023670641180304,-6.984681593562627
6.013904162801073,-6.940968175818683
6.024296255139135,-6.896879746513462
6.033727003974178,-6.852486128803708
6.042380072148169,-6.807857145846172
6.050439122503068,-6.7630626207976094
6.058087817880843,-6.71817237681477
6.065509821123457,-6.673256237054401
6.072888795072872,-6.62838402467326
6.0803979604458664,-6.583619735258048
6.088106876482137,-6.538969512712242
6.096025780589359,-6.494406394447569
6.104164211560623,-6.449903027991001
6.112531708189023,-6.405432060869518
6.121137809267654,-6.360966140610094
6.129992053589607,-6.316477914739699
6.139103979947977,-6.271940030785319
6.148481690667629,-6.22732530127084
6.1580135993425555,-6.1826202865160464
6.167380241390578,-6.137835424332873
6.176241374645224,-6.092983539107052
6.184256756940014,-6.04807745522431
6.191086146108474,-6.003129997070372
6.196389299984125,-5.95815398903098
6.199825976400489,-5.913162255491858
6.201055933191093,-5.868167620838732
6.199775226053384,-5.823181525799017
6.196264869514691,-5.778193112731492
6.191278584657592,-5.733173504632763
6.1855836199965175,-5.688093308839779
6.179947224045887,-5.642923132689493
6.1751366453201255,-5.597633583518855
6.171774899380786,-5.552205377662961
6.169700147589569,-5.506674240312354
6.168484877470767,-5.461094517203532
6.167701365320246,-5.415520568877577
6.166921887433865,-5.370006755875575
6.1657187201074874,-5.324607438738605
6.163664139636972,-5.279376978007745
6.160330422318183,-5.234369734224091
6.155289844446979,-5.18964006792872
6.148116876209509,-5.145242049381112
6.138655139166166,-5.101194136443722
6.127272983757398,-5.057445358192827
6.114399328049079,-5.013936729781971
6.10046309010708,-4.970609266364673
6.0858931879972715,-4.927403983094465
6.071118539785526,-4.8842618951248715
6.056540230600011,-4.841127246437895
6.0422840465060474,-4.79797621776121
6.028318678895212,-4.754803213976965
6.014610985534101,-4.71160285268147
6.001127824189318,-4.668369751471041
5.98783605262746,-4.625098527941994
5.974702528615129,-4.581783799690638
5.9616941099047205,-4.538420184334612
5.948774731830338,-4.4950066829258075
5.935897228814809,-4.451558947149321
5.923011799901523,-4.408096581585215
5.910068644133871,-4.364639190813543
5.897017960555246,-4.321206379414381
5.883809948209039,-4.277817751967784
5.8703948061386395,-4.234492913053814
5.856722733387438,-4.191251467252533
5.8427439289988286,-4.148113019144003
5.828408592016197,-4.1050971733082795
5.813667825408102,-4.0622232095231725
5.798509394028513,-4.019497234060662
5.782969587392025,-3.9769079171036816
5.767088030096029,-3.9344427304589225
5.75090434673791,-3.89208914593307
5.734458161915061,-3.8498346353328285
5.717789100224869,-3.8076666704648825
5.700936774858572,-3.765572678534878
5.683940443766238,-3.723538697662081
5.66683894880077,-3.6815491389164587
5.64967110814225,-3.6395883208010167
5.632475739970767,-3.5976405618187806
5.615291662466401,-3.555690180472754
5.5981576938092354,-3.5137214952659486
5.581112652179355,-3.4717188247013757
5.564194879139632,-3.4296666693203552
5.547413284305595,-3.387560770848949
5.530730671110006,-3.345414480725225
5.514105819432046,-3.3032426871360387
5.4974975091508895,-3.2610602782682427
5.4808645201457145,-3.2188821423086926
5.464165632295697,-3.1767231674442353
5.447360059664435,-3.1345982661255776
5.430414006099156,-3.0925227414185033
5.413299320096452,-3.0505122118327948
5.39598801145179,-3.0085823048922156
5.378452089960633,-2.9667486481205234
5.360663565418453,-2.9250268690414933
5.342594447620716,-2.8834325951788835
5.324216746362884,-2.841981454056457
5.305502471440428,-2.800689073197977
5.286423632648806,-2.759571080127201
5.266952239783494,-2.718643102367905
5.247060397400761,-2.6779207189359857
5.226749292429835,-2.6374046216407128
5.206090096282282,-2.597059677379437
5.185164293789445,-2.556845473631235
5.16405336978266,-2.516721597875175
5.142838809093276,-2.4766476375903452
5.121602096552629,-2.436583180255815
5.100424716992064,-2.396487813350659
5.079388155242918,-2.3563211243539537
5.058573896136532,-2.3160427007447684
5.038063424504252,-2.2756121300021905
5.017938050855686,-2.234989091833633
4.998244703277297,-2.1941514566443234
4.978954825143203,-2.153117031512529
4.9600298337494975,-2.1119089280104664
4.9414311463922775,-2.070550257710341
4.923120180367642,-2.029064132184383
4.905058352971689,-1.9874736630047984
4.887207081500512,-1.9458019617438027
4.8695278973849145,-1.9040720229358965
4.851990897877933,-1.8622980574221932
4.834580552276743,-1.820479538447666
4.817282703661109,-1.778614530532604
4.80008319511079,-1.7367010981973041
4.78296786970555,-1.6947373059620614
4.765922570525151,-1.6527212183471658
4.74893314064936,-1.6106508998729263
4.73198542315794,-1.568524415059632
4.715060156425751,-1.5263432995602368
4.6980594206091855,-1.4841625755888586
4.680823558652354,-1.442079245857586
4.663191255362121,-1.4001914405901694
4.645001195545357,-1.358597290010379
4.626092064008928,-1.3173949243419645
4.606302545559699,-1.2766824738086826
4.585471325004536,-1.2365580686342903
4.563443914646843,-1.1971157899344353
4.540226069878875,-1.1583546852226763
4.515985593446648,-1.1201776983749374
4.490897476459882,-1.082483510143538
4.465136710028298,-1.0451708012807954
4.438878285261617,-1.0081382525390286
4.412297193269556,-0.9712845446705493
4.385568425161844,-0.9345083584276873
4.3588669720481965,-0.8977083745627554
4.332367825038334,-0.8607832738280716
4.306245975241979,-0.8236317369759539
4.280674530851033,-0.7861535276414267
4.255736792186009,-0.7483000587618099
4.231388759050948,-0.7100959549289293
4.207576762518862,-0.6715714013074741
4.184247133662756,-0.632756583062133
4.161346203555639,-0.5936816853575952
4.138820303270514,-0.5543768933585441
4.116615763880399,-0.5148723922296805
4.094678916458294,-0.4751983671356881
4.072956092077211,-0.4353850032412555
4.051393621810155,-0.395462485711072
4.029937836730133,-0.3554609997098204
4.008535067910157,-0.3154107304022026
3.9871316464232325,-0.27534186295290114
3.965673903342368,-0.23528458252660533
3.944108169740571,-0.19526907428800422
3.9223806038132207,-0.1553262746000465
3.9004350977593947,-0.11549696616933525
3.878213950161129,-0.0758288563831461
3.8556594264440083,-0.03636979670217644
3.8327137920336196,0.0028323614128762447
3.809319312355549,0.04172976650131455
3.7854182528353784,0.08027456710244704
3.760952878898701,0.11841891175556425
3.7358654559711,0.15611494899997475
3.7100982494781602,0.19331482737498118
3.683593526320355,0.22997069654891766
3.656317672179608,0.26605316922569716
3.62832239900194,0.30159817574774855
3.599678278650537,0.3366560838088558
3.5704558829885866,0.37127726110279713
3.5407257838792794,0.40551207532335076
3.5105585531858035,0.439410894164295
3.480024762771344,0.4730240853194134
3.4491949844990994,0.5064020164824735
3.418139790232255,0.5395950553472592
3.3869297518339985,0.5726535696075484
3.3556354411675207,0.6056279269571194
3.324328084776254,0.6385699423116941
3.2930845519842893,0.6715439043952851
3.261984594246287,0.7046204731071897
3.2311079861495084,0.7378703594831085
3.2005345022812137,0.7713642745587428
3.170343917228664,0.8051729293697935
3.1406160055791155,0.8393670349519672
3.111430541919838,0.8740173023409538
3.0828673008380867,0.90919444257246
3.05500575121544,0.9449689038423345
3.0278200194042335,0.9813205628707468
3.001025234854789,1.0180066158348886
2.974297440342996,1.0547506529428228
2.9473126786447335,1.0912762644026286
2.9197469925358845,1.1273070404223808
2.891276424792329,1.1625665712101534
2.861577018189945,1.1967784469740257
2.830324815504624,1.2296662579220607
2.797269444593031,1.2609739260725554
2.76246614374257,1.2905298146540496
2.726049478423814,1.318184205267883
2.6881540142574463,1.3437873795568716
2.6489143168641442,1.3671896191638346
2.6084649518646024,1.3882412057315807
2.5669404848794986,1.4067924209029292
2.524474649973635,1.4227431682753071
2.4811969319858824,1.4362469181652866
2.43723546203384,1.4475379223459697
2.3927183706583066,1.4568504670114033
2.3477737884000596,1.4644188383556405
2.3025298457998855,1.470477322572732
2.257114673398569,1.4752602058567281
2.211646787505442,1.4789678232531092
2.1661829599633426,1.481582468920211
2.12075555358717,1.4830002403672877
2.0753968709698034,1.4831170224390668
2.030139214704131,1.481828699980276
1.98501488738304,1.4790311578356434
1.9400517604266116,1.474644166989168
1.8952379885337134,1.468801590534961
1.8505407789880133,1.461750208146781
1.8059271505429217,1.453737815766629
1.7613641219518474,1.4450122093365076
1.7168187119681935,1.4358211847984172
1.672257939345383,1.426412538094363
1.62765282740963,1.4170204625718348
1.5830775978139007,1.4075286110690708
1.5387162376546193,1.3974477889599881
1.4947580535916354,1.3862707323093313
1.4513923522847922,1.373490177181841
1.40880828224402,1.3585993378189345
1.3671247883329742,1.3413036937788267
1.3262805179082398,1.3218538659265024
1.2861855760800953,1.3005867744757384
1.2467500679588128,1.277839339640309
1.207884098654683,1.2539484816339983
1.1694977732779783,1.2292511206705798
1.1315011969389768,1.204084176963831
1.0938059257645443,1.1787388726468049
1.0563305588936873,1.1532846183721057
1.0189958293536872,1.1277236204614125
0.9817224706436126,1.1020580703785725
0.9444312162625147,1.0762901595874217
0.9070427997094505,1.0504220795517996
0.8695502153322773,1.0244077456552663
0.8322400069360417,0.9980049585470974
0.7954732497119619,0.9709217258940597
0.7596110188612997,0.9428660553561856
0.7250143895853225,0.913545954593512
0.6920444370852982,0.8826694312660754
0.6610622360558182,0.8499444935282258
0.6323168440371276,0.8151884334033458
0.6056312861812378,0.7786341798589871
0.5807273202110624,0.7406134583061665
0.5573267038495195,0.7014579941559062
0.5351511948195277,0.6614995128192284
0.5139485922589637,0.6210487243652395
0.49374205577018426,0.5801941238137851
0.4747202085133457,0.5388906776016269
0.4570739320929626,0.4970915296078731
0.4409941081135494,0.4547498237116325
0.42667161817961874,0.41181870379200647
0.41428959898778794,0.36825584188002597
0.40388477295683045,0.3241045128440874
0.39536316286655643,0.2794844066406989
0.3886262022228055,0.2345178963996164
0.38357532453141774,0.18932735525059582
0.38011183658383557,0.14403509565572062
0.37806966916942264,0.0987311721422976
0.37710471229196607,0.05342039778850437
0.3768437867438098,0.00809366806538921
0.3769137133172981,-0.03725812155599961
0.37695916263768164,-0.08264298214243421
0.3770054010925614,-0.12804560986036612
0.37744235982507734,-0.17342836189286626
0.3786746317836077,-0.21875269725606875
0.3811068099165309,-0.2639800749661077
0.38513146544342775,-0.30907271027330885
0.390827287434491,-0.35401256337630094
0.39793679313252167,-0.3988027415677942
0.40618601353750206,-0.44344738921769283
0.4153009796494137,-0.48795065069589405
0.42503331668922356,-0.5323155744964656
0.4353138789940667,-0.5765375350039059
0.4461501250610476,-0.620608626618223
0.4575498016810254,-0.664520931395481
0.4695206556448568,-0.7082665313917371
0.4820704337433991,-0.7518375086630485
0.4952068827675117,-0.7952259452654795
0.5089377495080475,-0.8384239232550734
0.5232707807558655,-0.8814235246878948
0.5382069394752641,-0.9242192176156836
0.5537183377146228,-0.9668156174841688
0.5697694191172193,-1.009220036857189
0.5863246272647882,-1.0514397883202375
0.6033485014955702,-1.0934821337698386
0.6208366284054008,-1.1353379001600437
0.6388600809346945,-1.1769579555619305
0.6575011842724959,-1.218287211640971
0.6768422636078524,-1.2592705800626431
0.6969512567474638,-1.2998615033567185
0.7177925308409121,-1.340074835309184
0.7392850911948567,-1.379952326588152
0.7613477508808958,-1.4195358418457233
0.7838993229706276,-1.4588672457339982
0.8068586205356536,-1.497988402905084
0.8301444566475652,-1.5369411780110693
0.8536756443779635,-1.5757674357040607
0.8773709967984472,-1.6145090406361595
0.9011493269806141,-1.6532078574594653
